date,Beans_brown,Gari_white,Groundnut_oil,Maize_white,Palm_oil,Rice_imported,Rice_local,Vegetable_oil,Yam,Rice_local_outlier_methodA,Rice_local_outlier_methodB,Rice_imported_outlier_methodA,Rice_imported_outlier_methodB,Gari_white_outlier_methodA,Gari_white_outlier_methodB,Beans_brown_outlier_methodA,Beans_brown_outlier_methodB,Palm_oil_outlier_methodA,Palm_oil_outlier_methodB,Groundnut_oil_outlier_methodA,Groundnut_oil_outlier_methodB,Vegetable_oil_outlier_methodA,Vegetable_oil_outlier_methodB,Yam_outlier_methodA,Yam_outlier_methodB,Maize_white_outlier_methodA,Maize_white_outlier_methodB,fuel_price_ngn_per_litre,fuel_outlier_flag,exchange_rate,all_items_cpi,food_cpi,all_items_cpi_outlier_flag,food_cpi_outlier_flag,rfh,rfh_avg,rainfall_anomaly,rainfall_outlier_flag,post_covid,post_subsidy_removal
2016-01-01,236.81,132.46,466.75,91.02,402.53,239.08,163.29,426.57,147.71,False,False,False,False,False,False,False,False,False,False,False,False,False,False,False,False,False,False,109.59,False,198.8,181.7076661932753,187.92069184717352,False,False,177.0458388961,312.282101039826,-32.6376,False,False,False
2016-02-01,238.02,135.46,490.53,92.7,424.67,244.25,172.74,448.57,149.77,False,False,False,False,False,False,False,False,False,False,False,False,False,False,False,False,False,False,99.77,False,198.8,185.8928768406955,190.5106253836117,False,False,145.5638105278,666.15184501488,-62.2029,False,False,False
2016-03-01,240.91,144.04,513.25,100.54,437.12,270.14,200.43,465.12,156.59,True,False,True,False,False,False,False,False,False,False,False,False,False,False,False,False,False,False,135.7,False,198.8,189.93501093282197,194.86921181476683,False,False,2959.336574692,1881.49917193699,67.6294,False,False,False
2016-04-01,263.57,163.36,532.05,109.29,437.84,298.86,217.94,488.01,175.72,False,False,True,False,True,False,False,False,False,False,False,False,False,False,False,False,False,False,162.83,False,198.8,192.99391978523843,197.3975376000611,False,False,3063.1713104,3482.5445782,14.5225,False,False,False
2016-05-01,256.41,176.72,555.6,116.1,442.4,316.83,235.01,507.68,182.83,False,False,False,False,False,False,False,False,False,False,False,False,False,False,False,False,False,False,150.28,False,198.8,198.30441521333407,202.4648004378309,False,False,5633.2637938,5971.3590159,-2.0322,False,False,False
2016-06-01,276.59,181.07,573.55,124.63,451.01,336.56,258.67,523.44,219.86,False,False,False,False,False,False,False,False,False,False,False,False,False,False,True,False,False,False,148.55,False,281.72,201.70378740537373,205.3865605977017,False,False,7202.579173,7840.072022,-2.9588,False,False,False
2016-07-01,288.32,187.74,587.27,132.18,461.39,338.07,268.27,536.36,207.62,False,False,False,False,False,False,False,False,False,False,False,False,False,False,False,False,False,False,147.67,False,318.0,204.2307292486028,207.86530021115183,False,False,9353.305018,9457.908707,-0.9384,False,False,False
2016-08-01,293.56,191.5,599.68,139.93,486.88,370.3,289.3,555.13,199.62,False,False,True,False,False,False,False,False,False,False,False,False,False,False,False,False,False,False,147.26,False,310.0,206.2859888822054,210.30152097749595,False,False,9654.553398,9399.02164,1.1675,False,False,False
2016-09-01,305.29,191.79,598.51,150.25,517.4,365.21,284.5,594.43,201.72,False,False,False,False,False,False,False,False,False,False,False,False,False,False,False,False,False,False,146.34,False,304.5,207.963228351157,212.00003575253356,False,False,8974.486198,9128.5706,-2.813,False,False,False
2016-10-01,345.48,191.02,608.11,150.53,529.45,388.79,281.67,616.64,202.89,False,False,False,False,False,False,True,False,False,False,False,False,False,False,False,False,False,False,145.95,False,304.5,209.68099241244283,213.81759524456305,False,False,5605.70275231,6104.4411808,-16.9337,False,False,False
2016-11-01,357.26,215.23,625.51,151.44,543.71,410.53,298.68,641.43,209.5,False,False,False,False,True,False,False,False,False,False,False,False,False,False,False,False,False,False,146.69,False,304.25,211.32697763747197,215.69709663708448,False,False,1029.3108979408,1327.80153551103,-22.9475,False,False,False
2016-12-01,347.6,217.71,629.85,155.77,554.37,410.55,298.75,657.31,219.69,False,False,False,False,False,False,False,False,False,False,False,False,False,False,False,False,False,False,146.71,False,304.2,213.55686290408624,218.57612682789917,False,False,261.0702602454,320.56097375213,-4.3952,False,False,False
2017-01-01,353.6,219.56,637.15,167.11,560.83,402.01,286.19,660.39,210.58,False,False,False,False,False,False,False,False,False,False,False,False,False,False,False,False,False,False,148.69,False,304.25,215.72123489309223,221.4048522263096,False,False,226.5134534423,312.282101039826,-33.219,False,False,False
2017-02-01,337.11,260.94,643.92,172.86,579.75,410.58,306.29,676.48,215.55,False,False,False,False,True,False,False,False,False,False,False,False,False,False,False,False,False,False,149.81,False,304.45,218.9453780571293,225.80871668341865,False,False,156.8532475672,666.15184501488,-61.8968,False,False,False
2017-03-01,353.28,273.67,658.8,174.03,589.39,418.71,308.87,684.56,255.86,False,False,False,False,False,False,False,False,False,False,False,False,False,False,True,False,False,False,149.39,False,305.35,222.7093311413213,230.79548831671607,False,False,1454.191490875,1881.49917193699,-31.5701,False,False,False
2017-04-01,357.19,288.45,658.99,182.94,603.23,388.46,299.3,700.96,250.3,False,False,True,False,False,False,False,False,False,False,False,False,False,False,False,False,False,False,149.87,False,309.895,226.2745996167504,235.5013243177652,False,False,2513.59643768,3482.5445782,-32.9236,False,False,False
2017-05-01,365.86,292.97,666.92,188.9,610.99,410.55,323.82,699.69,279.15,False,False,False,False,False,False,False,False,False,False,False,False,False,False,False,False,False,False,150.69,False,304.35,230.53162702560988,241.4720072391005,False,False,5462.0480004,5971.3590159,-7.8061,False,False,False
2017-06-01,374.26,315.61,671.04,190.33,628.37,415.84,325.51,728.39,292.06,False,False,False,False,False,False,False,False,False,False,False,False,False,False,False,False,False,False,150.28,False,304.88,234.17486502637016,246.2887394558539,False,False,9427.409532,7840.072022,18.5338,False,False,False
2017-07-01,382.35,317.1,673.49,191.33,638.33,409.2,323.25,737.21,294.12,False,False,False,False,False,False,False,False,False,False,False,False,False,False,False,False,False,False,148.21,False,305.65,237.01570360511272,250.0279855270048,False,False,8457.808812,9457.908707,-9.3067,False,False,False
2017-08-01,370.25,310.15,677.77,192.44,657.2,384.35,320.19,745.35,343.39,False,False,False,False,False,False,False,False,False,False,False,False,False,False,True,False,False,False,144.43,False,305.0,239.31547329535923,252.889444986472,False,False,9494.166205,9399.02164,2.1866,False,False,False
2017-09-01,404.84,301.99,637.29,168.12,586.51,398.01,316.4,674.01,259.51,False,False,False,False,False,False,False,False,True,False,True,False,True,False,True,False,True,False,144.52,False,305.75,241.19367322882204,255.0799652013244,False,False,7986.382719,9128.5706,-12.1084,False,False,False
2017-10-01,382.58,268.1,672.04,191.15,631.48,368.9,292.9,729.48,223.63,False,False,True,False,True,False,False,False,True,False,False,False,False,False,True,False,True,False,145.99,False,305.8,243.03124944763937,257.23575663374453,False,False,4082.52294474,6104.4411808,-43.2031,False,False,False
2017-11-01,369.78,251.91,671.72,185.13,634.01,360.83,278.89,720.27,212.27,False,False,False,False,False,False,False,False,False,False,False,False,False,False,False,False,False,False,145.6,False,305.5,244.93089946343028,259.5011455647366,False,False,1303.6633952157,1327.80153551103,-17.5129,False,False,False
2017-12-01,361.97,199.68,880.48,154.37,735.69,371.21,278.94,753.39,211.61,False,False,False,False,True,False,False,False,True,False,True,False,False,False,False,False,True,False,171.79,False,306.35,246.38399653542567,261.01310127457185,False,False,251.8079799069,320.56097375213,22.2817,False,False,False
2018-01-01,385.53,229.26,704.79,190.51,641.23,360.76,274.66,720.33,226.51,False,False,False,False,True,False,False,False,True,False,True,False,False,False,False,False,True,False,190.87,False,305.2,248.35283031764737,263.29262280865856,False,False,171.7866857864,312.282101039826,-40.2138,False,False,False
2018-02-01,387.48,210.21,761.47,185.2,680.13,365.21,276.28,732.03,230.85,False,False,False,False,False,False,False,False,False,False,False,False,False,False,False,False,False,False,172.46,False,305.4,250.319404195916,265.52302003180125,False,False,1831.04584676767,666.15184501488,218.2302,True,False,False
2018-03-01,395.34,209.12,780.2,231.56,656.17,363.33,283.57,711.27,254.51,False,False,False,False,False,False,False,False,False,False,False,False,False,False,False,False,True,False,163.39,False,305.15,252.41246722004087,267.9064830038615,False,False,2147.078349177,1881.49917193699,3.0484,False,False,False
2018-04-01,395.19,208.21,779.29,173.45,649.12,369.35,281.51,730.68,279.61,False,False,False,False,False,False,False,False,False,False,False,False,False,False,False,False,True,False,151.4,False,305.2,254.51896318281376,270.35346221860635,False,False,3067.95724455,3482.5445782,-11.1198,False,False,False
2018-05-01,407.73,216.01,802.01,180.5,659.88,374.63,286.16,737.64,291.33,False,False,False,False,False,False,False,False,False,False,False,False,False,False,False,False,False,False,150.17,False,305.7,257.29136415807073,273.9447072035355,False,False,5382.8633584,5971.3590159,-5.2031,False,False,False
2018-06-01,418.78,216.72,816.6,183.69,666.64,373.47,280.76,736.11,285.84,False,False,False,False,False,False,False,False,False,False,False,False,False,False,False,False,False,False,148.09,False,305.25,260.4745916059773,278.2484074023216,False,False,7400.617703,7840.072022,-1.9865,False,False,False
2018-07-01,411.02,200.67,804.77,179.39,661.91,370.79,276.29,730.53,280.83,False,False,False,False,False,False,False,False,False,False,False,False,False,False,False,False,False,False,146.82,False,304.88,263.423593876722,282.15654383483906,False,False,10361.849065,9457.908707,6.3688,False,False,False
2018-08-01,410.16,198.82,804.55,180.09,668.17,375.02,280.29,720.59,292.97,False,False,False,False,False,False,False,False,False,False,False,False,False,False,False,False,False,False,146.9,False,305.15,266.18446411039935,286.1654815149954,False,False,10255.342309,9399.02164,11.2558,False,False,False
2018-09-01,416.07,195.86,811.13,179.9,668.03,371.32,277.78,729.13,280.28,False,False,False,False,False,False,False,False,False,False,False,False,False,False,False,False,False,False,147.33,False,306.35,268.410499925762,289.0283636077201,False,False,10201.880627,9128.5706,13.0114,False,False,False
2018-10-01,411.05,188.39,790.01,171.14,660.09,373.04,277.87,714.77,252.21,False,False,False,False,False,False,False,False,False,False,False,False,False,False,False,False,False,False,147.23,False,305.55,270.3948831998397,291.3901076368342,False,False,6787.0861326,6104.4411808,34.3332,False,False,False
2018-11-01,396.73,183.59,805.2,165.03,661.57,376.63,278.46,715.37,239.15,False,False,False,False,False,False,False,False,False,False,False,False,False,False,False,False,False,False,147.46,False,305.78,272.56078866015395,294.0182372266838,False,False,1672.2862534197,1327.80153551103,15.2108,False,False,False
2018-12-01,386.78,166.64,780.69,161.49,632.71,370.57,280.79,677.11,212.65,False,False,False,False,True,False,False,False,True,False,False,False,True,False,False,False,False,False,145.78,False,307.0,274.5747440013175,296.40309126905026,False,False,237.947190595,320.56097375213,-27.7935,False,False,False
2019-01-01,382.76,165.8,784.8,158.63,636.12,366.04,281.49,688.96,211.21,False,False,False,False,False,False,False,False,False,False,False,False,False,False,False,False,False,False,145.7,False,306.75,276.600688185142,298.85091447566856,False,False,740.6340334471,312.282101039826,55.3983,False,False,False
2019-02-01,373.91,166.61,780.92,155.59,616.36,364.39,281.25,678.85,206.49,False,False,False,False,False,False,False,False,False,False,False,False,False,False,False,False,False,False,145.29,False,305.82,278.620147834412,301.2974570936164,False,False,1146.04955234587,666.15184501488,65.4747,False,False,False
2019-03-01,368.07,163.51,774.07,147.83,613.76,361.9,280.8,675.53,200.88,False,False,False,False,False,False,False,False,False,False,False,False,False,False,False,False,False,False,145.32,False,305.9,280.811771439613,303.94271101084166,False,False,1960.9443478993,1881.49917193699,2.4534,False,False,False
2019-04-01,372.84,163.37,771.36,151.7,614.73,357.55,282.78,668.12,222.36,False,False,False,False,False,False,False,False,False,False,False,False,False,False,False,False,False,False,145.92,False,305.95,283.463032847885,307.3959004325316,False,False,2874.98780564,3482.5445782,-19.0739,False,False,False
2019-05-01,365.32,161.55,764.53,149.6,608.55,361.39,278.26,662.19,216.03,False,False,False,False,False,False,False,False,False,False,False,False,False,False,False,False,False,False,145.03,False,305.9,286.613329463094,311.733038210631,False,False,6619.4591267,5971.3590159000005,19.7088,False,False,False
2019-06-01,342.82,145.31,744.4,140.41,615.36,352.83,271.1,660.55,182.15,False,False,False,False,True,False,False,False,False,False,False,False,False,False,True,False,False,False,145.36,False,305.9,289.692849374902,315.9746913823178,False,False,6682.839561,7840.072022,-8.6599,False,False,False
2019-07-01,327.18,151.73,726.84,135.76,596.53,356.1,277.38,646.73,170.85,False,False,False,False,False,False,False,False,False,False,False,False,False,False,False,False,False,False,145.03,False,305.8,292.6226689309416,319.9415998279483,False,False,10750.26093,9457.908707,12.8751,False,False,False
2019-08-01,307.27,154.1,743.25,138.26,606.16,356.61,272.77,655.21,190.04,False,False,False,False,False,False,False,False,False,False,False,False,False,False,False,False,False,False,145.48,False,306.0,295.507103544327,323.85485486119404,False,False,9218.6594505,9399.02164,-4.1664,False,False,False
2019-09-01,318.99,154.55,743.35,141.75,609.99,371.13,290.16,649.2,190.23,False,False,False,False,False,False,False,False,False,False,False,False,False,False,False,False,False,False,145.53,False,305.95,298.589918334029,328.0670992926067,False,False,10408.133544,9128.5706,11.1296,False,False,False
2019-10-01,308.93,162.42,750.12,142.25,619.6,382.57,303.69,669.79,179.75,False,False,False,False,False,False,False,False,False,False,False,False,False,False,False,False,False,False,145.48,False,306.0,301.779567009419,332.4407734645368,False,False,9164.5102854,6104.4411808,97.9526,False,False,False
2019-11-01,307.3,160.06,773.37,149.63,622.57,445.45,344.01,683.37,203.2,True,False,True,False,False,False,False,False,False,False,False,False,False,False,False,False,False,False,145.94,False,306.0,304.868830158249,336.59793361867986,False,False,2473.2880198186,1327.80153551103,197.8646,True,False,False
2019-12-01,299.48,159.39,773.93,151.88,625.91,459.9,345.94,688.39,206.82,False,False,False,False,False,False,False,False,False,False,False,False,False,False,False,False,False,False,145.35,False,306.0,307.473107196798,339.8758230294195,False,False,441.4561678526,320.56097375213,19.7881,False,False,False
2020-01-01,285.61,159.64,762.51,148.86,610.12,453.24,338.58,687.31,193.04,False,False,False,False,False,False,False,False,False,False,False,False,False,False,False,False,False,False,145.37,False,306.0,310.158729441649,343.2283298642722,False,False,130.8731893294,312.282101039826,-35.8301,False,False,False
2020-02-01,276.3,159.33,763.15,150.15,609.75,444.04,334.11,694.6,189.53,False,False,False,False,False,False,False,False,False,False,False,False,False,False,False,False,False,False,145.41,False,305.9,312.607719861291,346.20409584680704,False,False,148.6776118874,666.15184501488,-64.675,False,False,False
2020-03-01,267.81,164.6,777.63,150.78,601.83,438.66,313.1,707.8,206.12,False,False,False,False,False,False,False,False,False,False,False,False,False,False,False,False,False,False,145.4,False,360.0,315.231782354199,349.4631471324708,False,False,2069.5532686345,1881.49917193699,5.902,False,True,False
2020-04-01,277.05,190.23,801.37,165.83,618.77,471.84,342.49,735.89,230.09,False,False,False,False,True,False,False,False,False,False,False,False,False,False,False,False,False,False,130.84,False,360.0,318.44652362547,353.5865539336643,False,False,3049.05581719,3482.5445782,-6.7016,False,True,False
2020-05-01,277.49,196.16,801.52,167.88,618.0,463.21,344.91,739.69,236.9,False,False,False,False,False,False,False,False,False,False,False,False,False,False,False,False,False,False,129.67,False,360.0,322.16555990367505,358.6038889952952,False,False,5187.9972408,5971.3590159,-14.3141,False,True,False
2020-06-01,289.89,214.73,827.08,178.26,631.67,479.74,347.54,758.0,250.7,False,False,False,False,False,False,False,False,False,False,False,False,False,False,False,False,False,False,128.88,False,360.0,326.074562290895,363.9250008466272,False,False,7052.282431,7840.072022,-6.2183,False,True,False
2020-07-01,300.26,222.47,830.79,190.0,648.33,490.44,362.97,769.19,256.44,False,False,False,False,False,False,False,False,False,False,False,False,False,False,False,False,False,False,143.63,False,380.5,330.138994693686,369.47421532984185,False,False,10525.664691,9457.908707,11.3698,False,True,False
2020-08-01,305.43,224.53,835.59,189.53,666.23,501.71,375.08,778.35,256.06,False,False,False,False,False,False,False,False,False,False,False,False,False,False,False,False,False,False,148.78,False,380.7,334.571705063409,375.65969043100137,False,False,7394.828731,9399.02164,-25.7371,False,True,False
2020-09-01,312.66,235.77,844.52,196.98,673.76,516.13,390.68,785.71,245.62,False,False,False,False,False,False,False,False,False,False,False,False,False,False,False,False,False,False,161.06,False,380.6,339.516531303714,382.7240695004775,False,False,9745.741351,9128.5706,12.2832,False,True,False
2020-10-01,326.88,244.96,861.39,202.24,687.01,530.32,400.47,803.95,242.87,False,False,False,False,False,False,False,False,False,False,False,False,False,False,False,False,False,False,161.17,False,380.7,344.731076433292,390.2134999019012,False,False,4978.08474057,6104.4411808,-15.1542,False,True,False
2020-11-01,334.66,241.25,875.68,204.95,723.8,549.98,404.61,841.15,236.25,False,False,False,False,False,False,False,False,False,False,False,False,False,False,False,False,False,False,167.27,False,380.7,350.255447594144,398.1893123309371,False,False,966.29315480524,1327.80153551103,12.7325,False,True,False
2020-12-01,336.24,238.65,886.37,205.63,736.29,550.94,405.64,853.17,233.48,False,False,False,False,False,False,False,False,False,False,False,False,False,False,False,False,False,False,165.7,False,380.7,355.910534611686,406.3639154625063,False,False,389.0756727893,320.56097375213,12.1654,False,True,False
2021-01-01,337.09,243.76,896.56,210.74,752.41,551.57,401.41,873.05,234.67,False,False,False,False,False,False,False,False,False,False,False,False,False,False,False,False,False,False,164.09,False,380.7,361.230542962669,413.8187696552389,False,False,269.0442092171,312.282101039826,-23.4078,False,True,False
2021-02-01,351.68,259.59,902.49,222.86,780.01,537.37,391.01,889.91,242.82,False,False,False,False,False,False,False,False,False,False,False,False,False,False,False,False,False,False,166.24,False,380.58,366.79794396765,421.627330903432,False,False,361.9174444681,666.15184501488,-47.8063,False,True,False
2021-03-01,368.98,274.03,890.23,233.92,770.89,544.21,393.92,891.11,244.82,False,False,False,False,False,False,False,False,False,False,False,False,False,False,False,False,False,False,172.68,False,380.55,372.513708760797,429.6577816244841,False,False,1869.7641500465,1881.49917193699,88.8532,False,True,False
2021-04-01,378.82,276.33,918.92,233.48,771.81,540.58,399.07,896.93,252.8,False,False,False,False,False,False,False,False,False,False,False,False,False,False,False,False,False,False,166.38,False,380.55,376.13863755064585,433.9165149430578,False,False,3063.68021589,3482.5445782,-22.8935,False,True,False
2021-05-01,439.22,301.88,937.81,248.86,791.15,544.09,397.8,915.56,269.98,False,False,False,False,False,False,True,False,False,False,False,False,False,False,False,False,False,False,168.06,False,410.5,379.93977373788,438.491242836535,False,False,5260.0963731,5971.3590159,-16.3224,False,True,False
2021-06-01,471.24,324.26,971.24,262.8,812.28,557.98,401.82,950.6,287.54,False,False,False,False,False,False,False,False,False,False,False,False,False,False,False,False,False,False,165.61,False,411.0,383.955266335957,443.365296170788,False,False,7572.363825,7840.072022,-2.8774,False,True,False
2021-07-01,485.44,329.2,1025.08,275.82,847.08,552.8,411.97,985.76,308.72,False,False,False,False,False,False,False,False,False,False,False,False,False,False,False,False,False,False,165.91,False,411.0,387.507579081784,447.1811282980797,False,False,6882.2821606,9457.908707,-23.8501,False,True,False
2021-08-01,496.03,323.01,1083.6,270.79,891.61,546.71,409.97,1025.93,305.48,False,False,False,False,False,False,False,False,False,False,False,False,False,False,False,False,False,False,164.91,False,411.0,391.4794298483,451.9292244321247,False,False,11149.164636,9399.02164,23.7127,False,True,False
2021-09-01,492.13,301.58,1125.89,264.59,946.0,546.77,410.01,1083.92,306.87,False,False,False,False,False,False,False,False,False,False,False,False,False,False,False,False,False,False,164.85,False,409.8,395.97767955817966,457.60827896972734,False,False,10676.404317,9128.5706,17.6958,False,True,False
2021-10-01,478.76,292.57,1136.43,266.23,969.61,553.23,415.03,1100.61,313.05,False,False,False,False,False,False,False,False,False,False,False,False,False,False,False,False,False,False,165.6,False,410.06,399.865916317672,461.7697650479803,False,False,7176.4337484,6104.4411808,32.9591,False,True,False
2021-11-01,490.19,302.28,1186.87,272.42,1033.48,568.75,421.02,1168.63,327.53,False,False,False,False,False,False,False,False,False,False,False,False,False,False,False,False,False,False,167.6,False,409.64,404.179732543633,466.7117204689268,False,False,2341.3070340661,1327.80153551103,103.3386,False,True,False
2021-12-01,494.83,299.51,1231.57,275.14,1060.76,571.62,424.62,1195.19,328.75,False,False,False,False,False,False,False,False,False,False,False,False,False,False,False,False,False,False,165.77,False,411.7,411.523295515458,476.9506514694506,False,False,214.651007434,320.56097375213,-36.6412,False,True,False
2022-01-01,498.85,307.53,1254.8,280.66,1073.93,579.16,430.21,1227.68,331.24,False,False,False,False,False,False,False,False,False,False,False,False,False,False,False,False,False,False,166.4,False,415.33,417.584474707653,484.6893127340771,False,False,318.3654903991,312.282101039826,-17.9338,False,True,False
2022-02-01,509.65,313.27,1294.68,287.6,1100.68,594.8,436.58,1267.28,339.76,False,False,False,False,False,False,False,False,False,False,False,False,False,False,False,False,False,False,170.42,False,415.52,424.3941921386609,493.76829276662033,False,False,230.3086065245,666.15184501488,198.6091,True,True,False
2022-03-01,528.52,317.35,1330.36,295.66,1127.36,606.44,440.99,1296.49,354.89,False,False,False,False,False,False,False,False,False,False,False,False,False,False,False,False,False,False,185.3,False,415.25,431.7998361236711,503.5724427603623,False,False,1514.2647732553,1881.49917193699,-7.5694,False,True,False
2022-04-01,530.62,318.74,1343.57,305.69,1123.67,612.25,440.26,1308.21,361.2,False,False,False,False,False,False,False,False,False,False,False,False,False,False,False,False,False,False,172.61,False,414.76,439.4006891317663,513.6309809505833,False,False,4102.41494943,3482.5445782,22.6569,False,True,False
2022-05-01,526.9,366.65,1418.73,319.45,1146.84,628.96,479.95,1352.99,384.06,False,False,False,False,True,False,False,False,False,True,False,False,False,False,False,False,False,False,173.08,False,414.7,447.2339439846536,523.9798136737475,False,False,5409.122311,5971.3590159,-15.8713,False,True,False
2022-06-01,551.4,332.53,1417.2,324.32,1161.2,636.2,460.17,1357.68,384.48,False,False,False,False,True,False,False,False,False,True,False,False,False,False,False,False,False,False,175.89,False,414.77,455.35411249211455,534.7117098751899,False,True,8155.898214,7840.072022,4.845,False,True,False
2022-07-01,547.75,314.66,1399.72,306.74,1156.31,632.93,455.49,1352.23,379.5,False,False,False,False,False,False,False,False,False,True,False,False,False,False,False,False,False,False,190.01,False,415.37,463.62577113964863,545.6361723623913,False,True,7753.6101121,9457.908707,-13.4957,False,True,False
2022-08-01,545.61,305.92,1450.19,300.5,1195.51,654.26,454.1,1399.32,403.63,False,False,False,False,False,False,False,False,False,True,False,True,False,True,False,False,False,False,189.46,False,421.38,471.8299642309448,556.4189893479078,False,True,7989.6545025,9399.02164,-15.0313,False,True,False
2022-09-01,556.81,309.69,1484.44,302.0,1236.45,668.53,471.42,1434.52,409.23,False,False,False,False,False,False,False,False,False,True,False,True,False,True,False,False,False,False,191.65,False,431.87,478.2368481068369,564.3958558733156,False,True,8104.452134,9128.5706,-2.8102,False,True,False
2022-10-01,564.69,317.9,1545.79,304.55,1291.68,689.32,487.47,1474.77,409.86,False,False,False,False,False,False,False,False,False,True,False,True,False,True,False,False,False,False,195.29,False,437.85,484.1861024345943,571.317687887471,False,True,7259.6432139,6104.4411808,19.1551,False,True,False
2022-11-01,578.55,325.82,1599.19,317.86,1342.19,704.13,500.8,1523.99,421.08,False,False,False,False,False,False,False,False,False,True,False,True,False,True,False,False,False,False,202.48,False,443.44,490.9394947092064,579.3080272668434,False,True,1068.1432797024,1327.80153551103,-18.6491,False,True,False
2022-12-01,586.14,332.95,1633.95,323.64,1365.51,724.41,506.17,1549.01,425.48,False,False,False,False,False,False,False,False,False,True,False,True,False,True,False,False,False,False,206.19,False,447.58,499.35798210857575,590.2441526266241,False,True,318.6440533435,320.56097375213,89.9193,False,True,False
2023-01-01,593.96,337.52,1675.48,334.57,1392.05,744.12,514.83,1578.23,431.36,False,False,False,False,False,False,False,False,False,True,False,True,False,True,False,False,False,False,257.12,False,460.02,508.68606058318767,602.5448816568627,False,True,226.2721359744,312.282101039826,1.7616,False,True,False
2023-02-01,594.15,345.88,1694.55,338.14,1421.52,745.96,520.84,1595.57,436.41,False,False,False,False,False,False,False,False,False,True,False,True,False,True,False,False,False,False,263.76,False,459.97,517.3778286117544,614.0130952892321,True,True,252.407519577,666.15184501488,216.8658,True,True,False
2023-03-01,596.96,353.16,1723.4,339.79,1448.93,765.15,530.08,1627.49,443.02,False,False,False,False,False,False,False,False,False,True,False,True,False,True,False,False,False,False,264.29,False,459.84,526.9826584975741,626.7011240703174,True,True,2755.57796392,1881.49917193699,266.5815,True,True,False
2023-04-01,615.67,362.5,1756.67,346.67,1456.47,781.5,546.76,1652.77,444.69,False,False,False,False,False,False,False,False,False,True,False,True,False,True,False,False,False,False,254.06,False,459.97,537.04539354575,640.0431309574238,True,True,2784.1095224,3482.5445782,-15.4373,False,True,False
2023-05-01,629.75,371.42,1773.8,350.82,1478.89,793.01,555.18,1684.0,457.25,False,False,False,False,False,False,False,False,False,False,False,False,False,False,False,False,False,False,238.11,False,460.6,547.4743197290638,654.0563242750303,True,True,5886.5698918,5971.3590159,-2.3536,False,True,True
2023-06-01,651.12,403.15,1850.19,378.71,1565.6,839.84,608.2,1762.99,510.77,False,False,False,False,False,False,False,False,False,False,False,False,False,False,False,False,False,False,545.83,False,758.77,559.1269878609405,669.7322077615493,True,True,8284.117446,7840.072022,14.2446,False,True,True
2023-07-01,673.53,429.89,1893.05,536.74,1611.49,869.77,653.49,1820.23,539.41,False,False,False,False,False,False,False,False,False,False,False,False,False,False,False,False,True,False,600.35,False,758.9,575.2647925243876,692.8630968032587,True,True,9949.531164,9457.908707,6.6006,False,True,True
2023-08-01,692.95,456.32,1960.85,579.39,1651.41,952.06,737.11,1852.19,576.39,True,False,True,False,False,False,False,False,False,False,False,False,False,False,False,False,False,False,626.7,False,773.0,593.5519052286753,719.658581309004,True,True,8484.549461,9399.02164,-8.4875,False,True,True
2023-09-01,716.97,467.89,1994.89,566.93,1683.56,982.07,757.06,1885.35,593.83,False,False,False,False,False,False,False,False,False,False,False,False,False,False,False,False,False,False,626.21,False,768.0,606.0018002061147,737.3122681062197,True,True,9975.018146,9128.5706,11.4898,False,True,True
2023-10-01,790.01,520.35,2138.97,548.96,1763.4,1016.12,819.42,1986.32,687.68,False,False,False,False,False,False,False,False,False,False,False,False,False,False,False,False,False,False,630.63,False,785.0,616.5128167566362,751.4096895628688,True,True,6912.74340564,6104.4411808,7.3228,False,True,True
2023-11-01,838.85,548.95,2318.61,557.33,1826.88,1137.4,867.18,2146.91,772.72,False,False,True,False,False,False,False,False,False,False,True,False,False,False,False,False,False,False,648.93,False,790.0,629.3852883659523,769.5809329123106,True,True,2024.902439425,1327.80153551103,250.6321,True,True,True
2023-12-01,870.67,568.72,2409.27,577.77,1900.43,1226.29,917.93,2279.4,818.92,False,False,False,False,False,False,False,False,False,False,False,False,False,False,False,False,False,False,671.86,False,881.03,643.7812480608504,790.534433064785,True,True,232.788062179,320.56097375213,-30.2439,False,True,True
2024-01-01,976.58,600.69,2507.96,633.91,1942.29,1322.01,1021.79,2377.03,901.94,True,False,False,False,False,False,True,False,False,False,False,False,False,False,False,False,False,False,668.3,False,1191.94,660.778404633112,815.9257710547598,True,True,116.5167637601,312.282101039826,-12.6871,False,True,True
2024-02-01,1177.93,723.45,2678.65,729.45,2081.95,1549.5,1222.97,2505.08,1009.56,True,False,True,False,True,False,True,False,True,False,False,False,False,False,False,False,True,False,679.36,False,1616.55,681.3774554337513,846.8465333466996,True,True,730.12781604877,666.15184501488,272.7586,True,True,True
2024-03-01,1234.4,749.89,2887.05,757.86,2087.87,1633.94,1340.74,2671.53,1068.78,False,False,False,False,False,False,False,False,False,False,False,False,False,False,False,False,False,False,696.79,False,1303.0,701.9484510470018,877.4728632877103,True,True,1946.6190967443,1881.49917193699,26.3881,False,True,True
2024-04-01,1387.9,851.81,2975.76,797.61,2178.73,1771.56,1399.34,2770.95,1130.37,False,False,False,False,True,False,True,False,False,False,False,False,False,False,False,False,False,False,701.24,False,1389.0,718.0010414962783,899.4533858833189,True,True,3008.0884635,3482.5445782,-2.1564,False,True,True
2024-05-01,2009.23,1114.72,3135.88,950.16,2244.04,1984.88,1608.89,2974.63,1322.36,True,False,True,False,True,False,True,False,False,False,False,False,False,False,True,False,True,False,769.62,False,1484.0,733.3583540967469,920.0052811576596,True,True,5952.9031247,5971.3590159,0.9294,False,True,True
2024-06-01,2292.76,1135.51,3419.85,1002.22,2456.36,2104.15,1702.74,3206.85,2021.55,False,False,False,False,False,False,True,False,True,False,True,False,False,False,True,False,False,False,750.17,False,1525.0,750.3018510696293,943.458769038538,True,True,7816.088682,7840.072022,3.7128,False,True,True
2024-07-01,2444.81,1151.79,3553.48,1029.3,2473.89,2191.06,1766.64,3305.27,1802.84,False,False,False,False,False,False,False,False,False,False,False,False,False,False,False,False,False,False,770.54,False,1660.0,767.375919032777,966.7813241214144,True,True,8610.3999455,9457.908707,-4.7594,False,True,True
2024-08-01,2574.63,1124.4,3634.99,1028.33,2513.08,2329.05,1831.05,3402.81,1661.8,False,False,False,False,False,False,False,False,False,False,False,False,False,False,False,False,False,False,830.46,False,1590.0,784.3796280030899,989.6935858738605,True,True,6563.3674845000005,9399.02164,-31.992,False,True,True
2024-09-01,2738.59,1170.25,3780.65,1065.14,2760.83,2403.86,1914.77,3476.89,1668.49,False,False,False,False,False,False,False,False,True,False,False,False,False,False,False,False,False,False,1030.46,False,1643.97,804.1418199758384,1015.805006555358,True,True,8265.402109,9128.5706,-1.3469,False,True,True
2024-10-01,2798.5,1198.05,3905.23,1080.44,2862.65,2471.28,1944.64,3625.55,1705.58,False,False,False,False,False,False,False,False,False,False,False,False,False,False,False,False,False,False,1184.83,False,1618.26,825.3680764868733,1045.6445390397118,True,True,8418.8863269,6104.4411808,60.2335,False,True,True
2024-11-01,2720.96,1205.39,4220.51,1156.91,3289.05,2489.15,1959.98,4196.07,1836.01,False,False,False,False,False,False,False,False,True,False,False,False,True,False,False,False,False,False,1214.17,False,1670.89,847.14211,1076.837352,False,False,1109.4995424332,1327.80153551103,-32.38,False,True,True
2024-12-01,2501.32,1184.77,4437.56,1151.13,3443.13,2520.78,1944.4,4483.77,1905.9,False,False,False,False,False,False,False,False,False,False,False,False,False,False,False,False,False,False,1189.12,False,1534.0,867.791741,1105.518173,False,False,137.903665144,320.56097375213,-15.6725,False,True,True
2025-01-01,2458.53,1267.63,3919.64,1168.34,3106.05,2505.48,2068.0,3967.95,1991.33,False,False,False,False,False,False,False,False,True,False,True,False,True,False,False,False,False,False,1258.34,False,1481.0,843.193892,1057.645684,False,False,301.9127229363,312.282101039826,-24.3691,False,True,True
2025-02-01,2465.96,1277.25,4053.11,1169.32,3178.87,2565.09,2088.82,4120.68,2022.03,False,False,False,False,False,False,False,False,False,False,False,False,False,False,False,False,False,False,1245.8,False,1503.0,860.405393,1075.345887,False,False,562.13698208777,666.15184501488,-13.3349,False,True,True
2025-03-01,2616.26,1362.96,4291.76,1278.76,3349.03,2679.51,2242.64,4449.35,2141.13,False,False,False,False,False,False,False,False,False,False,False,False,False,False,False,False,False,False,1261.65,False,1537.77,893.931796,1098.770491,False,False,2099.8816600055,1881.49917193699,-4.9361,False,True,True
2025-04-01,2429.39,1345.1,4333.76,1239.61,3355.15,2574.11,2144.05,4499.75,2240.08,False,False,False,False,False,False,False,False,False,False,False,False,False,False,False,False,False,False,1239.33,False,1602.39,910.539699,1121.393928,False,False,3267.4015063,3482.5445782,-13.2407,False,True,True
2025-05-01,2385.15,1341.79,4287.03,1216.55,3300.11,2604.69,2095.29,4463.32,2375.4,False,False,False,False,False,False,False,False,False,False,False,False,False,False,False,False,False,False,1027.76,False,1587.95,924.481196,1145.904466,False,False,4540.8443827,5971.3590159000005,-26.3893,False,True,True
2025-06-01,2319.99,1298.19,4372.84,1188.37,3345.55,2627.73,2084.04,4531.79,2463.7,False,False,False,False,False,False,False,False,False,False,False,False,False,False,False,False,False,False,1037.66,False,1536.375,940.028135,1183.170961,False,False,7668.307616,7840.072022,2.488,False,True,True
2025-07-01,2319.27,1258.64,4379.48,1166.81,3404.72,2642.22,2064.07,4532.8,2484.4,False,False,False,False,False,False,False,False,False,False,False,False,False,False,False,False,False,False,1024.99,False,1530.895,958.763564,1220.035948,False,False,8325.8586533,9457.908707,-9.5938,False,True,True
2025-08-01,1847.82,932.53,4324.48,951.04,3349.49,2358.89,1963.87,4318.17,2086.15,False,False,True,False,True,False,True,False,False,False,False,False,True,False,True,False,True,False,988.25,False,1536.95,965.898029,1240.133843,False,False,6789.2198935,9399.02164,-23.5754,False,True,True
2025-09-01,1815.76,871.78,4368.89,888.68,3367.2,2319.31,1952.94,4306.17,2052.46,False,False,False,False,False,False,False,False,False,False,False,False,False,False,False,False,False,False,970.59,False,1483.175,972.857426,1220.61112,False,False,9477.117472,9128.5706,9.7374,False,True,True
2025-10-01,1760.53,846.69,4396.04,904.74,3383.87,2255.28,1913.78,4272.39,2023.83,False,False,False,False,False,False,False,False,False,False,False,False,False,False,False,False,False,False,1052.31,False,1446.81,981.923208,1216.105605,False,False,6728.44373044,6104.4411808,12.0544,False,True,True
2025-11-01,1547.03,819.7,4448.17,843.77,3344.97,2219.55,1861.95,4352.73,2035.59,False,False,False,False,False,False,True,False,False,False,False,False,False,False,False,False,False,False,1061.35,False,1447.335,993.930844,1229.813874,False,False,2498.0219087862,1327.80153551103,93.1376,False,True,True
2025-12-01,1250.11,776.36,4168.73,798.97,3233.96,2201.22,1845.08,4362.95,2054.63,False,False,False,False,False,False,True,False,False,False,True,False,False,False,False,False,False,False,1048.63,False,1444.57,999.266978,1225.404221,False,False,981.1711868332,320.56097375213,137.6906,False,True,True
2026-01-01,1262.43,771.98,4090.76,784.59,3155.04,2197.01,1841.83,4294.6,2065.76,False,False,False,False,False,False,False,False,False,False,False,False,False,False,False,False,False,False,1034.76,False,1386.455,970.495752,1151.686327,False,False,405.679188653,312.282101039826,9.1776,False,True,True
2026-02-01,1307.44,790.62,4113.57,795.82,3182.61,2211.79,1858.93,4311.72,2108.99,False,False,False,False,False,False,False,False,False,False,False,False,False,False,False,False,False,False,1051.47,False,1361.88,989.99861,1205.656645,False,False,1288.253458122,666.15184501488,62.3238,False,True,True
2026-03-01,1325.85,801.54,4124.12,803.27,3191.17,2223.83,1876.36,4323.31,2144.7,False,False,False,False,False,False,False,False,False,False,False,False,False,False,False,False,False,False,1288.54,False,1386.46,1031.400749,1255.955495,False,False,2310.020362524,1881.49917193699,20.7217,False,True,True
2026-04-01,1338.93,808.96,4139.07,811.33,3195.09,2233.71,1893.44,4337.8,2218.46,False,False,False,False,False,False,False,False,False,False,False,False,False,False,False,False,False,False,1532.93,True,1375.735,1053.3829,1301.518666,False,False,3571.28066608,3482.5445782,-5.4431,False,True,True
2026-05-01,1344.93,813.24,4150.73,815.83,3195.49,2245.7,1905.43,4351.33,2347.09,False,False,False,False,False,False,False,False,False,False,False,False,False,False,False,False,False,False,1596.25,True,1370.86,1071.771863,1340.245591,False,False,5668.6289734,5971.3590159,-7.9899,False,True,True
